{
  "results": {
    "kobest_boolq": {
      "acc": 0.5021367521367521,
      "acc_stderr": 0.01334864560470119,
      "macro_f1": 0.33428165007112376,
      "macro_f1_stderr": 0.005909264029538844
    },
    "kobest_copa": {
      "acc": 0.798,
      "acc_stderr": 0.012702651587655132,
      "macro_f1": 0.7977378682772873,
      "macro_f1_stderr": 0.012663714650700016
    },
    "kobest_hellaswag": {
      "acc": 0.518,
      "acc_stderr": 0.02236856511738799,
      "acc_norm": 0.634,
      "acc_norm_stderr": 0.02156427685020162,
      "macro_f1": 0.5154454898988469,
      "macro_f1_stderr": 0.02240801623774969
    },
    "kobest_sentineg": {
      "acc": 0.853904282115869,
      "acc_stderr": 0.01774907588290443,
      "macro_f1": 0.8524806519399313,
      "macro_f1_stderr": 0.017996645523245626
    },
    "pawsx_ko": {
      "acc": 0.5155,
      "acc_stderr": 0.011177761232603322
    }
  },
  "versions": {
    "kobest_boolq": 0,
    "kobest_copa": 0,
    "kobest_hellaswag": 0,
    "kobest_sentineg": 0,
    "pawsx_ko": 0
  },
  "config": {
    "model": "hf-causal-experimental",
    "model_args": "pretrained=beomi/gemma-ko-7b,use_accelerate=true,trust_remote_code=true",
    "num_fewshot": 0,
    "batch_size": "8",
    "device": null,
    "no_cache": true,
    "limit": null,
    "bootstrap_iters": 100000,
    "description_dict": {}
  }
}