{
  "results": {
    "kobest_boolq": {
      "acc": 0.532051282051282,
      "acc_stderr": 0.013321313297412988,
      "macro_f1": 0.4612410820408437,
      "macro_f1_stderr": 0.012940672862313539
    },
    "kobest_copa": {
      "acc": 0.661,
      "acc_stderr": 0.014976758771620344,
      "macro_f1": 0.6598949988512678,
      "macro_f1_stderr": 0.01495159600434585
    },
    "kobest_hellaswag": {
      "acc": 0.448,
      "acc_stderr": 0.02226169729227014,
      "acc_norm": 0.582,
      "acc_norm_stderr": 0.022080014812228137,
      "macro_f1": 0.4443982562340518,
      "macro_f1_stderr": 0.022216030296323894
    },
    "kobest_sentineg": {
      "acc": 0.6801007556675063,
      "acc_stderr": 0.023439354253007097,
      "macro_f1": 0.6627694653833549,
      "macro_f1_stderr": 0.02434279630350903
    },
    "pawsx_ko": {
      "acc": 0.549,
      "acc_stderr": 0.011129305041886323
    }
  },
  "versions": {
    "kobest_boolq": 0,
    "kobest_copa": 0,
    "kobest_hellaswag": 0,
    "kobest_sentineg": 0,
    "pawsx_ko": 0
  },
  "config": {
    "model": "hf-causal-experimental",
    "model_args": "pretrained=ccw7463/gemma-ko-2b-finetuned,use_accelerate=true,trust_remote_code=true",
    "num_fewshot": 0,
    "batch_size": "8",
    "device": null,
    "no_cache": true,
    "limit": null,
    "bootstrap_iters": 100000,
    "description_dict": {}
  }
}