{
  "results": {
    "kobest_boolq": {
      "acc": 0.6096866096866097,
      "acc_stderr": 0.013023605074414963,
      "macro_f1": 0.5389317295453511,
      "macro_f1_stderr": 0.013635416384086843
    },
    "kobest_copa": {
      "acc": 0.556,
      "acc_stderr": 0.01571976816340209,
      "macro_f1": 0.5551387486173232,
      "macro_f1_stderr": 0.015737485490097174
    },
    "kobest_hellaswag": {
      "acc": 0.304,
      "acc_stderr": 0.020591649571224932,
      "acc_norm": 0.358,
      "acc_norm_stderr": 0.021461434862859115,
      "macro_f1": 0.30261565200754587,
      "macro_f1_stderr": 0.0204920788628583
    },
    "kobest_sentineg": {
      "acc": 0.5415617128463476,
      "acc_stderr": 0.025038991009441725,
      "macro_f1": 0.4979571984435798,
      "macro_f1_stderr": 0.025093484923525006
    },
    "pawsx_ko": {
      "acc": 0.5285,
      "acc_stderr": 0.011164954236428801
    }
  },
  "versions": {
    "kobest_boolq": 0,
    "kobest_copa": 0,
    "kobest_hellaswag": 0,
    "kobest_sentineg": 0,
    "pawsx_ko": 0
  },
  "config": {
    "model": "hf-causal-experimental",
    "model_args": "pretrained=ccw7463/vocab_expansion_test_ver1_fine_tuned,use_accelerate=true,trust_remote_code=true",
    "num_fewshot": 0,
    "batch_size": "8",
    "device": null,
    "no_cache": true,
    "limit": null,
    "bootstrap_iters": 100000,
    "description_dict": {}
  }
}