{
  "results": {
    "kobest_boolq": {
      "acc": 0.5284900284900285,
      "acc_stderr": 0.013327079979561918,
      "macro_f1": 0.39473930982745686,
      "macro_f1_stderr": 0.01063710331028436
    },
    "kobest_copa": {
      "acc": 0.773,
      "acc_stderr": 0.013253174964763907,
      "macro_f1": 0.772879853442471,
      "macro_f1_stderr": 0.013217779247297275
    },
    "kobest_hellaswag": {
      "acc": 0.498,
      "acc_stderr": 0.02238289498648353,
      "acc_norm": 0.564,
      "acc_norm_stderr": 0.0221989546414768,
      "macro_f1": 0.49459345065566174,
      "macro_f1_stderr": 0.02237494785285013
    },
    "kobest_sentineg": {
      "acc": 0.7002518891687658,
      "acc_stderr": 0.023022780817629717,
      "macro_f1": 0.6862035296540089,
      "macro_f1_stderr": 0.023812010721185693
    },
    "pawsx_ko": {
      "acc": 0.6335,
      "acc_stderr": 0.01077714936679647
    }
  },
  "versions": {
    "kobest_boolq": 0,
    "kobest_copa": 0,
    "kobest_hellaswag": 0,
    "kobest_sentineg": 0,
    "pawsx_ko": 0
  },
  "config": {
    "model": "hf-causal-experimental",
    "model_args": "pretrained=davidkim205/nox-solar-10.7b-v4,use_accelerate=true,trust_remote_code=true",
    "num_fewshot": 0,
    "batch_size": "8",
    "device": null,
    "no_cache": true,
    "limit": null,
    "bootstrap_iters": 100000,
    "description_dict": {}
  }
}