{
  "results": {
    "kobest_boolq": {
      "acc": 0.5021367521367521,
      "acc_stderr": 0.01334864560470119,
      "macro_f1": 0.33428165007112376,
      "macro_f1_stderr": 0.005909264029538844
    },
    "kobest_copa": {
      "acc": 0.715,
      "acc_stderr": 0.014282120955200477,
      "macro_f1": 0.7147258515433332,
      "macro_f1_stderr": 0.01433106149934946
    },
    "kobest_hellaswag": {
      "acc": 0.492,
      "acc_stderr": 0.022380208834928035,
      "acc_norm": 0.586,
      "acc_norm_stderr": 0.02204949796982787,
      "macro_f1": 0.4885330564250521,
      "macro_f1_stderr": 0.022360020657422725
    },
    "kobest_sentineg": {
      "acc": 0.6297229219143576,
      "acc_stderr": 0.024265574168402054,
      "macro_f1": 0.5754010695187166,
      "macro_f1_stderr": 0.02571598563313461
    },
    "pawsx_ko": {
      "acc": 0.6845,
      "acc_stderr": 0.010393935344515725
    }
  },
  "versions": {
    "kobest_boolq": 0,
    "kobest_copa": 0,
    "kobest_hellaswag": 0,
    "kobest_sentineg": 0,
    "pawsx_ko": 0
  },
  "config": {
    "model": "hf-causal-experimental",
    "model_args": "pretrained=aipart/chatjob_sft_from_mixtral_ver0.1,use_accelerate=true,trust_remote_code=true",
    "num_fewshot": 0,
    "batch_size": "8",
    "device": null,
    "no_cache": true,
    "limit": null,
    "bootstrap_iters": 100000,
    "description_dict": {}
  }
}