{
  "results": {
    "kobest_boolq": {
      "acc": 0.5021367521367521,
      "acc_stderr": 0.01334864560470119,
      "macro_f1": 0.33428165007112376,
      "macro_f1_stderr": 0.005909264029538844
    },
    "kobest_copa": {
      "acc": 0.482,
      "acc_stderr": 0.015809045699406728,
      "macro_f1": 0.4809015877596995,
      "macro_f1_stderr": 0.01582378858434107
    },
    "kobest_hellaswag": {
      "acc": 0.254,
      "acc_stderr": 0.019486596801643382,
      "acc_norm": 0.296,
      "acc_norm_stderr": 0.020435342091896135,
      "macro_f1": 0.25244208237173793,
      "macro_f1_stderr": 0.019214237411686534
    },
    "kobest_sentineg": {
      "acc": 0.49622166246851385,
      "acc_stderr": 0.025125227983562776,
      "macro_f1": 0.49271658573984156,
      "macro_f1_stderr": 0.024994712270567345
    },
    "pawsx_ko": {
      "acc": 0.5075,
      "acc_stderr": 0.011181877847486003
    }
  },
  "versions": {
    "kobest_boolq": 0,
    "kobest_copa": 0,
    "kobest_hellaswag": 0,
    "kobest_sentineg": 0,
    "pawsx_ko": 0
  },
  "config": {
    "model": "hf-causal-experimental",
    "model_args": "pretrained=ccw7463/gemma-ko-2b-finetuned_KOSPO_news_only,use_accelerate=true,trust_remote_code=true",
    "num_fewshot": 0,
    "batch_size": "8",
    "device": null,
    "no_cache": true,
    "limit": null,
    "bootstrap_iters": 100000,
    "description_dict": {}
  }
}