{
  "results": {
    "kobest_boolq": {
      "acc": 0.5021367521367521,
      "acc_stderr": 0.01334864560470119,
      "macro_f1": 0.33428165007112376,
      "macro_f1_stderr": 0.005909264029538844
    },
    "kobest_copa": {
      "acc": 0.56,
      "acc_stderr": 0.015704987954361788,
      "macro_f1": 0.5585148439349974,
      "macro_f1_stderr": 0.015761691963156743
    },
    "kobest_hellaswag": {
      "acc": 0.484,
      "acc_stderr": 0.0223716109825804,
      "acc_norm": 0.592,
      "acc_norm_stderr": 0.0220009108938772,
      "macro_f1": 0.4805632646645548,
      "macro_f1_stderr": 0.02231830792194452
    },
    "kobest_sentineg": {
      "acc": 0.6146095717884131,
      "acc_stderr": 0.024456963131020786,
      "macro_f1": 0.6049751243781094,
      "macro_f1_stderr": 0.02480359356299955
    },
    "pawsx_ko": {
      "acc": 0.6075,
      "acc_stderr": 0.010921607746018004
    }
  },
  "versions": {
    "kobest_boolq": 0,
    "kobest_copa": 0,
    "kobest_hellaswag": 0,
    "kobest_sentineg": 0,
    "pawsx_ko": 0
  },
  "config": {
    "model": "hf-causal-experimental",
    "model_args": "pretrained=ccw7463/gemma-ko-2b-finetuned_ver0.1,use_accelerate=true,trust_remote_code=true",
    "num_fewshot": 0,
    "batch_size": "8",
    "device": null,
    "no_cache": true,
    "limit": null,
    "bootstrap_iters": 100000,
    "description_dict": {}
  }
}