{
  "results": {
    "kobest_boolq": {
      "acc": 0.8490028490028491,
      "acc_stderr": 0.009558948347243539,
      "macro_f1": 0.8487954353338969,
      "macro_f1_stderr": 0.009563887618086464
    },
    "kobest_copa": {
      "acc": 0.643,
      "acc_stderr": 0.015158521721486769,
      "macro_f1": 0.6423988725046803,
      "macro_f1_stderr": 0.01515529123055505
    },
    "kobest_hellaswag": {
      "acc": 0.434,
      "acc_stderr": 0.02218721580302901,
      "acc_norm": 0.494,
      "acc_norm_stderr": 0.022381462412439324,
      "macro_f1": 0.4306403615458258,
      "macro_f1_stderr": 0.02210311210499859
    },
    "kobest_sentineg": {
      "acc": 0.6196473551637279,
      "acc_stderr": 0.024395960834867184,
      "macro_f1": 0.5927651913997486,
      "macro_f1_stderr": 0.025180941009124675
    },
    "pawsx_ko": {
      "acc": 0.5475,
      "acc_stderr": 0.011132557743886098
    }
  },
  "versions": {
    "kobest_boolq": 0,
    "kobest_copa": 0,
    "kobest_hellaswag": 0,
    "kobest_sentineg": 0,
    "pawsx_ko": 0
  },
  "config": {
    "model": "hf-causal-experimental",
    "model_args": "pretrained=/workspace/changwoo/weight/hub/merged_model/KOSPO_fine_tuning_from_mixtral_instruct_ver0.4,use_accelerate=true,trust_remote_code=true",
    "num_fewshot": 0,
    "batch_size": "16",
    "device": null,
    "no_cache": true,
    "limit": null,
    "bootstrap_iters": 100000,
    "description_dict": {}
  }
}