{
  "results": {
    "kobest_boolq": {
      "acc": 0.5227920227920227,
      "acc_stderr": 0.013334891549698758,
      "macro_f1": 0.38530503424120444,
      "macro_f1_stderr": 0.010227907816772708
    },
    "kobest_copa": {
      "acc": 0.544,
      "acc_stderr": 0.01575792855397916,
      "macro_f1": 0.5430330579506235,
      "macro_f1_stderr": 0.015837158946332152
    },
    "kobest_hellaswag": {
      "acc": 0.394,
      "acc_stderr": 0.021874299301689257,
      "acc_norm": 0.504,
      "acc_norm_stderr": 0.022382357781962132,
      "macro_f1": 0.38906853483008697,
      "macro_f1_stderr": 0.021791735131279227
    },
    "kobest_sentineg": {
      "acc": 0.5415617128463476,
      "acc_stderr": 0.02503899100944172,
      "macro_f1": 0.5216487474180392,
      "macro_f1_stderr": 0.02519554009832635
    },
    "pawsx_ko": {
      "acc": 0.518,
      "acc_stderr": 0.011175886999478619
    }
  },
  "versions": {
    "kobest_boolq": 0,
    "kobest_copa": 0,
    "kobest_hellaswag": 0,
    "kobest_sentineg": 0,
    "pawsx_ko": 0
  },
  "config": {
    "model": "hf-causal-experimental",
    "model_args": "pretrained=ccw7463/gemma-ko-2b-finetuned_ver0.4,use_accelerate=true,trust_remote_code=true",
    "num_fewshot": 0,
    "batch_size": "16",
    "device": null,
    "no_cache": true,
    "limit": null,
    "bootstrap_iters": 100000,
    "description_dict": {}
  }
}