{
  "results": {
    "kobest_boolq": {
      "acc": 0.9095441595441596,
      "acc_stderr": 0.007657753206054424,
      "macro_f1": 0.909361661245385,
      "macro_f1_stderr": 0.007693190840998252
    },
    "kobest_copa": {
      "acc": 0.712,
      "acc_stderr": 0.014326941797231558,
      "macro_f1": 0.7118847539015607,
      "macro_f1_stderr": 0.0142952600169532
    },
    "kobest_hellaswag": {
      "acc": 0.488,
      "acc_stderr": 0.02237662679792717,
      "acc_norm": 0.52,
      "acc_norm_stderr": 0.022365160424231336,
      "macro_f1": 0.4862241443434426,
      "macro_f1_stderr": 0.022322517821250283
    },
    "pawsx_ko": {
      "acc": 0.561,
      "acc_stderr": 0.011099599116647338
    }
  },
  "versions": {
    "kobest_boolq": 0,
    "kobest_copa": 0,
    "kobest_hellaswag": 0,
    "pawsx_ko": 0
  },
  "config": {
    "model": "hf-causal-experimental",
    "model_args": "pretrained=/workspace/changwoo/axolotl/KOSPO_fine_tuning_from_eeve_0.1/checkpoint-140,use_accelerate=true,trust_remote_code=true",
    "num_fewshot": 0,
    "batch_size": "16",
    "device": null,
    "no_cache": true,
    "limit": null,
    "bootstrap_iters": 100000,
    "description_dict": {}
  }
}