{
  "results": {
    "kobest_boolq": {
      "acc": 0.7542735042735043,
      "acc_stderr": 0.011493745704683521,
      "macro_f1": 0.7488133742176671,
      "macro_f1_stderr": 0.011691205504254114
    },
    "kobest_copa": {
      "acc": 0.746,
      "acc_stderr": 0.01377220656516854,
      "macro_f1": 0.7458536116803278,
      "macro_f1_stderr": 0.013757958284963694
    },
    "kobest_hellaswag": {
      "acc": 0.4,
      "acc_stderr": 0.021930844120728505,
      "acc_norm": 0.46,
      "acc_norm_stderr": 0.02231133324528966,
      "macro_f1": 0.39573086143218006,
      "macro_f1_stderr": 0.02179581010328251
    },
    "kobest_sentineg": {
      "acc": 0.5088161209068011,
      "acc_stderr": 0.025122039300513738,
      "macro_f1": 0.3706762699877249,
      "macro_f1_stderr": 0.018144711386247903
    },
    "kohatespeech": {
      "acc": 0.3375796178343949,
      "acc_stderr": 0.021812529068793773,
      "macro_f1": 0.29686253652646205,
      "macro_f1_stderr": 0.018567768596949894
    },
    "kohatespeech_apeach": {
      "acc": 0.5169761273209549,
      "acc_stderr": 0.008139663918626784,
      "macro_f1": 0.38373095392046475,
      "macro_f1_stderr": 0.006277119950507092
    },
    "kohatespeech_gen_bias": {
      "acc": 0.1740976645435244,
      "acc_stderr": 0.017490889284595856,
      "macro_f1": 0.16542997307970866,
      "macro_f1_stderr": 0.01613790604286429
    },
    "korunsmile": {
      "f1": 0.35179107021642114,
      "f1_stderr": 0.008022793491514447
    },
    "nsmc": {
      "acc": 0.5312,
      "acc_stderr": 0.0022317326929130036
    },
    "pawsx_ko": {
      "acc": 0.535,
      "acc_stderr": 0.01115570369194311
    }
  },
  "versions": {
    "kobest_boolq": 0,
    "kobest_copa": 0,
    "kobest_hellaswag": 0,
    "kobest_sentineg": 0,
    "kohatespeech": 0,
    "kohatespeech_apeach": 0,
    "kohatespeech_gen_bias": 0,
    "korunsmile": 0,
    "nsmc": 0,
    "pawsx_ko": 0
  },
  "config": {
    "model": "hf-causal-experimental",
    "model_args": "pretrained=aipart/chatjob_sft_from_llama2_0.1_ALL_ver2,use_accelerate=true,trust_remote_code=true",
    "num_fewshot": 0,
    "batch_size": "32",
    "device": null,
    "no_cache": true,
    "limit": null,
    "bootstrap_iters": 100000,
    "description_dict": {}
  }
}