{
  "results": {
    "kobest_boolq": {
      "acc": 0.5156695156695157,
      "acc_stderr": 0.013342210743034197,
      "macro_f1": 0.36609450153111495,
      "macro_f1_stderr": 0.008995920187171193
    },
    "kobest_copa": {
      "acc": 0.522,
      "acc_stderr": 0.01580397942816195,
      "macro_f1": 0.5204962763225476,
      "macro_f1_stderr": 0.015796497970990565
    },
    "kobest_hellaswag": {
      "acc": 0.382,
      "acc_stderr": 0.02175082059125084,
      "acc_norm": 0.5,
      "acc_norm_stderr": 0.022383074051792257,
      "macro_f1": 0.3769979129700889,
      "macro_f1_stderr": 0.02156776244136042
    },
    "kobest_sentineg": {
      "acc": 0.5818639798488665,
      "acc_stderr": 0.024786883995173,
      "macro_f1": 0.5307729551150604,
      "macro_f1_stderr": 0.025418661019167683
    },
    "pawsx_ko": {
      "acc": 0.492,
      "acc_stderr": 0.01118170448803001
    }
  },
  "versions": {
    "kobest_boolq": 0,
    "kobest_copa": 0,
    "kobest_hellaswag": 0,
    "kobest_sentineg": 0,
    "pawsx_ko": 0
  },
  "config": {
    "model": "hf-causal-experimental",
    "model_args": "pretrained=ccw7463/gemma-ko-2b-finetuned_ver0.2,use_accelerate=true,trust_remote_code=true",
    "num_fewshot": 0,
    "batch_size": "8",
    "device": null,
    "no_cache": true,
    "limit": null,
    "bootstrap_iters": 100000,
    "description_dict": {}
  }
}