{
  "results": {
    "kobest_boolq": {
      "acc": 0.5028490028490028,
      "acc_stderr": 0.013348550797680814,
      "macro_f1": 0.33586879913255624,
      "macro_f1_stderr": 0.0061202759852030785
    },
    "kobest_copa": {
      "acc": 0.727,
      "acc_stderr": 0.014095022868717586,
      "macro_f1": 0.7265841344685267,
      "macro_f1_stderr": 0.014117602745702437
    },
    "kobest_hellaswag": {
      "acc": 0.502,
      "acc_stderr": 0.022382894986483524,
      "acc_norm": 0.622,
      "acc_norm_stderr": 0.02170655082451818,
      "macro_f1": 0.4980557748109158,
      "macro_f1_stderr": 0.02238244167818251
    },
    "kobest_sentineg": {
      "acc": 0.6095717884130982,
      "acc_stderr": 0.024515199530909283,
      "macro_f1": 0.5522936447306195,
      "macro_f1_stderr": 0.025648054890323485
    },
    "pawsx_ko": {
      "acc": 0.6215,
      "acc_stderr": 0.010847935926107406
    }
  },
  "versions": {
    "kobest_boolq": 0,
    "kobest_copa": 0,
    "kobest_hellaswag": 0,
    "kobest_sentineg": 0,
    "pawsx_ko": 0
  },
  "config": {
    "model": "hf-causal-experimental",
    "model_args": "pretrained=aipart/chatjob_sft_from_synatra_ver0.1,use_accelerate=true,trust_remote_code=true",
    "num_fewshot": 0,
    "batch_size": "8",
    "device": null,
    "no_cache": true,
    "limit": null,
    "bootstrap_iters": 100000,
    "description_dict": {}
  }
}