{
  "results": {
    "kobest_boolq": {
      "acc": 0.5021367521367521,
      "acc_stderr": 0.01334864560470119,
      "macro_f1": 0.33428165007112376,
      "macro_f1_stderr": 0.005909264029538844
    },
    "kobest_copa": {
      "acc": 0.484,
      "acc_stderr": 0.01581119837311488,
      "macro_f1": 0.48308816752751854,
      "macro_f1_stderr": 0.015815362556564773
    },
    "kobest_hellaswag": {
      "acc": 0.3,
      "acc_stderr": 0.020514426225628036,
      "acc_norm": 0.392,
      "acc_norm_stderr": 0.021854684955611263,
      "macro_f1": 0.299544465187984,
      "macro_f1_stderr": 0.020408628633173716
    },
    "kobest_sentineg": {
      "acc": 0.48866498740554154,
      "acc_stderr": 0.025119488062637793,
      "macro_f1": 0.435340690138378,
      "macro_f1_stderr": 0.024048004796419758
    },
    "pawsx_ko": {
      "acc": 0.4785,
      "acc_stderr": 0.011172792428275121
    }
  },
  "versions": {
    "kobest_boolq": 0,
    "kobest_copa": 0,
    "kobest_hellaswag": 0,
    "kobest_sentineg": 0,
    "pawsx_ko": 0
  },
  "config": {
    "model": "hf-causal-experimental",
    "model_args": "pretrained=ccw7463/gemma-ko-2b-finetuned_KOSPO_case_only,use_accelerate=true,trust_remote_code=true",
    "num_fewshot": 0,
    "batch_size": "8",
    "device": null,
    "no_cache": true,
    "limit": null,
    "bootstrap_iters": 100000,
    "description_dict": {}
  }
}