{
  "results": {
    "kobest_boolq": {
      "acc": 0.9188034188034188,
      "acc_stderr": 0.007292078538207684,
      "macro_f1": 0.9184683941244429,
      "macro_f1_stderr": 0.007346461181646866
    },
    "kobest_copa": {
      "acc": 0.751,
      "acc_stderr": 0.013681600278702308,
      "macro_f1": 0.7506586516941693,
      "macro_f1_stderr": 0.013660960240535374
    },
    "kobest_hellaswag": {
      "acc": 0.49,
      "acc_stderr": 0.02237859698923078,
      "acc_norm": 0.558,
      "acc_norm_stderr": 0.022231970696321122,
      "macro_f1": 0.48669539400199924,
      "macro_f1_stderr": 0.022339087653906558
    },
    "kobest_sentineg": {
      "acc": 0.8438287153652393,
      "acc_stderr": 0.018242323312121222,
      "macro_f1": 0.8435418255784388,
      "macro_f1_stderr": 0.018262092942046854
    },
    "kohatespeech": {
      "acc": 0.2653927813163482,
      "acc_stderr": 0.020366819748897706,
      "macro_f1": 0.15044320758606475,
      "macro_f1_stderr": 0.01114210787428686
    },
    "kohatespeech_apeach": {
      "acc": 0.5469496021220159,
      "acc_stderr": 0.008108375350543984,
      "macro_f1": 0.5462691127361118,
      "macro_f1_stderr": 0.008097341108931382
    },
    "kohatespeech_gen_bias": {
      "acc": 0.24203821656050956,
      "acc_stderr": 0.019756804283572786,
      "macro_f1": 0.24203821656050956,
      "macro_f1_stderr": 0.019731238269728228
    },
    "korunsmile": {
      "f1": 0.2724358906659166,
      "f1_stderr": 0.00574268984554995
    },
    "nsmc": {
      "acc": 0.76564,
      "acc_stderr": 0.001894407449201587
    },
    "pawsx_ko": {
      "acc": 0.586,
      "acc_stderr": 0.011016473180681314
    }
  },
  "versions": {
    "kobest_boolq": 0,
    "kobest_copa": 0,
    "kobest_hellaswag": 0,
    "kobest_sentineg": 0,
    "kohatespeech": 0,
    "kohatespeech_apeach": 0,
    "kohatespeech_gen_bias": 0,
    "korunsmile": 0,
    "nsmc": 0,
    "pawsx_ko": 0
  },
  "config": {
    "model": "hf-causal-experimental",
    "model_args": "pretrained=yanolja/EEVE-Korean-Instruct-10.8B-v1.0,use_accelerate=true,trust_remote_code=true",
    "num_fewshot": 0,
    "batch_size": "8",
    "device": null,
    "no_cache": true,
    "limit": null,
    "bootstrap_iters": 100000,
    "description_dict": {}
  }
}