name,kobest_boolq (macro_f1),kobest_copa (macro_f1),kobest_hellaswag (macro_f1),kobest_sentineg (macro_f1),pawsx_ko (acc),kohatespeech (macro_f1),kohatespeech_apeach (macro_f1),kohatespeech_gen_bias (macro_f1),korunsmile (f1),nsmc (acc)
(ours)_kospo_mixtral_ver0.1,0.7713164049448713,0.6399481525339649,0.44044519939142107,0.6507271127671687,0.575,,,,,
(maywell)_Synatra_base,0.33745202290848997,0.6625380145419079,0.4376148943976194,0.6125425241202387,0.5255,,,,,
(ours)_Synatra-Mixtral-8x7B-v0.1,0.35461338879835325,0.6577316616227121,0.4491881401493295,0.5252590348936292,0.539,0.4770029338749717,0.33851558894747785,0.12453531598513011,0.30648331029034165,0.56638
(ours)_Synatra-Mixtral-8x7B-v0.2,0.33428165007112376,0.48766742296713755,0.22922269150946617,0.5332992588806542,0.4605,0.24971341822350282,0.3376669009135629,0.12453531598513011,0.23792600960434174,0.50368
(ours)_Mixtral-instruct_v0.1,0.33428165007112376,0.7147258515433332,0.4885330564250521,0.5754010695187166,0.6845,,,,,
(ours)_kospo_synatra_ver0.1,0.8746008708272859,0.6426108031646464,0.4250893436689566,0.5755213312090635,0.5495,,,,,
(ours)_Synatra-Mixtral-8x7B_v0.3,0.33586879913255624,0.7265841344685267,0.4980557748109158,0.5522936447306195,0.6215,,,,,
(mistralai)_Mixtral-8x7B-Instruct-v0.1,0.891737012987013,0.6679210755745417,0.4613044953341388,0.4647108052817556,0.5565,,,,,
(mistralai)_Mixtral-8x7B-v0.1,0.7442708239803184,0.6634062486225702,0.44875282173202613,0.613361359257313,0.552,0.40110101128639425,0.35392611321814854,0.12453531598513011,0.35786263136275864,0.58316
