name,kobest_boolq (macro_f1),kobest_copa (macro_f1),kobest_hellaswag (macro_f1),kobest_sentineg (macro_f1),kohatespeech (macro_f1),kohatespeech_apeach (macro_f1),kohatespeech_gen_bias (macro_f1),korunsmile (f1),nsmc (acc),pawsx_ko (acc)
(ours)_Synatra-Mixtral-8x7B-v0.1,0.35461338879835325,0.6577316616227121,0.4491881401493295,0.5252590348936292,0.4770029338749717,0.33851558894747785,0.12453531598513011,0.30648331029034165,0.56638,0.539
(beomi)_Yi-ko-6b,0.7060464428885481,0.7716346153846154,0.5031015473198892,0.4043705153294194,,,,,,0.5145
(ours)_Mixtral-instruct_v0.1,0.33428165007112376,0.7147258515433332,0.4885330564250521,0.5754010695187166,,,,,,0.6845
(yanolja)_EEVE-Korean-Instruct-10.8B-v1.0,0.9184683941244429,0.7506586516941693,0.48669539400199924,0.8435418255784388,0.15044320758606475,0.5462691127361118,0.24203821656050956,0.2724358906659166,0.76564,0.586
(maywell)_Synatra_base,0.33745202290848997,0.6625380145419079,0.4376148943976194,0.6125425241202387,,,,,,0.5255
(mistralai)_Mixtral-8x7B-v0.1,0.7442708239803184,0.6634062486225702,0.44875282173202613,0.613361359257313,0.40110101128639425,0.35392611321814854,0.12453531598513011,0.35786263136275864,0.58316,0.552
(ours)_Synatra-Mixtral-8x7B_v0.3,0.33586879913255624,0.7265841344685267,0.4980557748109158,0.5522936447306195,,,,,,0.6215
(mistralai)_Mixtral-8x7B-Instruct-v0.1,0.891737012987013,0.6679210755745417,0.4613044953341388,0.4647108052817556,,,,,,0.5565
(ours)_Synatra-Mixtral-8x7B-v0.2,0.33428165007112376,0.48766742296713755,0.22922269150946617,0.5332992588806542,0.24971341822350282,0.3376669009135629,0.12453531598513011,0.23792600960434174,0.50368,0.4605
