name,kobest_boolq (macro_f1),kobest_copa (macro_f1),kobest_hellaswag (macro_f1),kobest_sentineg (macro_f1),kohatespeech (macro_f1),kohatespeech_apeach (macro_f1),kohatespeech_gen_bias (macro_f1),korunsmile (f1),nsmc (acc),pawsx_ko (acc)
(upstage)_SOLAR-10.7B-v1.0,0.33428165007112376,0.5785950298236605,0.42919026283300693,0.33164983164983164,0.3369866983153691,0.3376669009135629,0.12453531598513011,0.4348081904610046,0.49732,0.4765
(mistralai)_Mixtral-8x7B-Instruct-v0.1,0.891737012987013,0.6679210755745417,0.4613044953341388,0.4647108052817556,,,,,,0.5565
(mistralai)_Mixtral-8x7B-v0.1,0.7442708239803184,0.6634062486225702,0.44875282173202613,0.613361359257313,0.40110101128639425,0.35392611321814854,0.12453531598513011,0.35786263136275864,0.58316,0.552
