name,kobest_boolq (macro_f1),kobest_copa (macro_f1),kobest_hellaswag (macro_f1),kobest_sentineg (macro_f1),kohatespeech (macro_f1),kohatespeech_apeach (macro_f1),kohatespeech_gen_bias (macro_f1),korunsmile (f1),nsmc (acc),pawsx_ko (acc)
(ours)_Synatra-Mixtral-8x7B-v0.1,0.35461338879835325,0.6577316616227121,0.4491881401493295,0.5252590348936292,0.4770029338749717,0.33851558894747785,0.12453531598513011,0.30648331029034165,0.56638,0.539
(ours)_llama2_0.1_ALL_ver2,0.7488133742176671,0.7458536116803278,0.39573086143218006,0.3706762699877249,0.29686253652646205,0.38373095392046475,0.16542997307970866,0.35179107021642114,0.5312,0.535
(ours)_gemma_ko_2b_ver0.1,0.33428165007112376,0.5585148439349974,0.4805632646645548,0.6049751243781094,,,,,,0.6075
(ours)_Mixtral_fine_tuning,0.33428165007112376,0.7147258515433332,0.4885330564250521,0.5754010695187166,,,,,,0.6845
(ours)_gemma_ko_2b_ver0.2,0.36609450153111495,0.5204962763225476,0.3769979129700889,0.5307729551150604,,,,,,0.492
(ours)_Synatra-Mixtral-8x7B-v0.2,0.33428165007112376,0.48766742296713755,0.22922269150946617,0.5332992588806542,0.24971341822350282,0.3376669009135629,0.12453531598513011,0.23792600960434174,0.50368,0.4605
